{"cameraMode":{"drawMode":0,"name":"Shaded","section":"Shading Mode"},"sceneLighting":true,"audioPlay":false,"sceneViewState":{"m_AlwaysRefresh":false,"showFog":true,"showSkybox":false,"showFlares":true,"showImageEffects":true,"showParticleSystems":true,"showVisualEffectGraphs":true,"m_FxEnabled":true},"in2DMode":false,"pivot":{"x":-0.45963194966316225,"y":6.55182409286499,"z":6.826022624969482},"rotation":{"x":-0.0040716929361224178,"y":-0.9482311010360718,"z":0.314009428024292,"w":-0.007665522396564484},"size":6.873863697052002,"orthographic":false}